SKU,Venta,Categoría,Producto,Cantidad,Precio,Fecha,Tienda,Total
N.P. GSP-15AP,Store Pickup,Sonido,"Bocina GHIA GSP-15AP 24,000W Bluetooth / USB / Micro SD Negro GSP-15AP",3,"$2,877.22 ",10-may-19,Queretaro,"$8,631.67 "
N.P. GSB-011,Fisico,Sonido,Barra de sonido GHIA GSB-011 2.1 canales 60W Bluetooth / USB / 3.5mm Negro GSB-011,1,"$1,133.64 ",09-jul-19,Puebla,"$1,133.64 "
N.P. 3MARMPRB.0001,Fisico,Otros,Silla Deportiva COUGAR Gaming ARMOR Pro Negro 3MARMPRB.0001,3,"$5,111.42 ",13-dic-19,Puebla,"$15,334.27 "
N.P. GCV-003,Fisico,video,Cámara Analógica GHIA GCV-003 Alámbrica tipo bala 1MP 720p Interior / Exterior Día / Noche Negro GCV-003,1,$337.05 ,14-abr-19,CDMX,$337.05 
N.P. DIR-878,Store Pickup,Conectividad,Router D-Link DIR-878 Wireless-AC1900 Dual Banda 2.4GHz / 5Ghz 1900Mb/s WiFi 1x Wan 4x Lan DIR-878,1,"$3,305.54 ",20-sep-19,Yucatan,"$3,305.54 "
N.P. GAC-169,Store Pickup,Cables,Cable de datos GHIA USB Macho a USB-C Macho 2m Negro GAC-169,5,$94.70 ,28-sep-19,Quintana Roo,$473.51 
N.P. X299X AORUS MASTER,Store Pickup,Componentes,Motherboard AORUS X299X MASTER Socket LGA 2066 E-ATX X299 USB 3.2 DDR4 X299X AORUS MASTER,5,"$9,562.62 ",21-ago-19,Quintana Roo,"$47,813.10 "
N.P. GAC-084,Fisico,Cables,Cable de datos GHIA USB Macho a USB-C Macho 1m Negro / Rojo GAC-084,5,$35.47 ,22-may-19,Chihuahua,$177.37 
N.P. GAC-122,Store Pickup,Energía,"Batería Portátil GHIA GAC-122 10,050mAH 2x USB Negro GAC-122",1,$384.96 ,13-abr-19,Jalisco,$384.96 
N.P. GSB-011,Fisico,Sonido,Barra de sonido GHIA GSB-011 2.1 canales 60W Bluetooth / USB / 3.5mm Negro GSB-011,3,"$1,157.76 ",14-abr-19,Puebla,"$3,473.28 "
N.P. 100-100000011WOF,Store Pickup,Componentes,Procesador AMD RYZEN Threadripper 3970X 3.7GHz 24 núcleos Socket sTRX4 Sin Disipador 100-100000011WOF,2,"$43,983.42 ",09-jun-19,Jalisco,"$87,966.84 "
N.P. DIR-878,En linea,Conectividad,Router D-Link DIR-878 Wireless-AC1900 Dual Banda 2.4GHz / 5Ghz 1900Mb/s WiFi 1x Wan 4x Lan DIR-878,4,"$3,432.67 ",07-mar-19,Puebla,"$13,730.69 "
N.P. U2000,Store Pickup,Otros,Kit de Teclado y Mouse ASUS U2000 Estándar Negro U2000,5,$346.50 ,30-nov-19,Puebla,"$1,732.50 "
N.P. U2000,Fisico,Otros,Kit de Teclado y Mouse ASUS U2000 Estándar Negro U2000,1,$310.20 ,23-oct-19,Quintana Roo,$310.20 
N.P. X299X DESIGNARE 10G,Fisico,Componentes,Motherboard Gigabyte X299X DESIGNARE 10G Socket LGA 2066 E-ATX X299 USB 3.2 DDR4 X299X DESIGNARE 10G,5,"$14,207.80 ",18-mar-19,Nuevo Leon,"$71,038.98 "
N.P. 3MARMPRB.0001,Store Pickup,Otros,Silla Deportiva COUGAR Gaming ARMOR Pro Negro 3MARMPRB.0001,3,"$4,922.11 ",11-sep-19,Yucatan,"$14,766.34 "
N.P. X299X AORUS MASTER,En linea,Componentes,Motherboard AORUS X299X MASTER Socket LGA 2066 E-ATX X299 USB 3.2 DDR4 X299X AORUS MASTER,5,"$10,681.65 ",15-jun-19,CDMX,"$53,408.25 "
N.P. GP-GSM2NE3512GNTD,Fisico,Almacenamiento,Unidad de estado sólido SSD GIGABYTE GP-GSM2NE3512GNTD NVMe 512GB PCIe Gen3x4 M.2 2280 NVMe 2280 Read 1700MB/s Write 1550MB/s GP-GSM2NE3512GNTD,4,"$1,411.49 ",26-feb-19,Queretaro,"$5,645.95 "
N.P. DGS-1008A,Fisico,Conectividad,Switch D-link 8 puertos DGS-1008A 10/100/1000Mbps No Administrable DGS-1008A,2,$458.49 ,16-sep-19,CDMX,$916.98 
N.P. BX500G,Store Pickup,Sonido,Bocina GHIA BX500G 10W Bluetooth / USB / Micro SD Gris BX500G,3,$528.28 ,26-dic-19,Queretaro,"$1,584.84 "
N.P. GP-GSM2NE3512GNTD,Fisico,Almacenamiento,Unidad de estado sólido SSD GIGABYTE GP-GSM2NE3512GNTD NVMe 512GB PCIe Gen3x4 M.2 2280 NVMe 2280 Read 1700MB/s Write 1550MB/s GP-GSM2NE3512GNTD,5,"$1,275.77 ",18-oct-19,Jalisco,"$6,378.84 "
N.P. DGE-528T,Fisico,Conectividad,Tarjeta de red interna D-link DGE-528T 1 puerto Ethernet Gigabit PCI Express DGE-528T,4,$284.20 ,29-may-19,Chihuahua,"$1,136.80 "
N.P. GAC-121,Fisico,Energía,"Batería Portátil GHIA GAC-121 20,100mAH 2x USB Negro GAC-121",4,$606.32 ,20-mar-19,Nuevo Leon,"$2,425.28 "
N.P. 100-100000011WOF,En linea,Componentes,Procesador AMD RYZEN Threadripper 3970X 3.7GHz 24 núcleos Socket sTRX4 Sin Disipador 100-100000011WOF,4,"$42,689.79 ",10-jun-19,Nuevo Leon,"$170,759.16 "
N.P. GSP-15AP,Fisico,Sonido,"Bocina GHIA GSP-15AP 24,000W Bluetooth / USB / Micro SD Negro GSP-15AP",4,"$2,847.56 ",21-may-19,Yucatan,"$11,390.25 "
N.P. GAC-121,Fisico,Energía,"Batería Portátil GHIA GAC-121 20,100mAH 2x USB Negro GAC-121",2,$572.00 ,06-nov-19,Nuevo Leon,"$1,144.00 "
N.P. GAC-094,Store Pickup,Cables,Cable de datos GHIA USB Macho a USB-C Macho 1m Gris GAC-094,1,$79.44 ,27-dic-19,Nuevo Leon,$79.44 
N.P. GSP-15AP,Fisico,Sonido,"Bocina GHIA GSP-15AP 24,000W Bluetooth / USB / Micro SD Negro GSP-15AP",1,"$2,877.22 ",03-abr-19,Quintana Roo,"$2,877.22 "
N.P. GP-GSM2NE3512GNTD,Store Pickup,Almacenamiento,Unidad de estado sólido SSD GIGABYTE GP-GSM2NE3512GNTD NVMe 512GB PCIe Gen3x4 M.2 2280 NVMe 2280 Read 1700MB/s Write 1550MB/s GP-GSM2NE3512GNTD,3,"$1,425.06 ",02-abr-19,CDMX,"$4,275.18 "
N.P. MWP22AM/A,En linea,Sonido,Audífonos con micrófono Apple AirPods Pro Inalámbrico con estuche de carga Blanco MWP22AM/A,4,"$5,102.58 ",11-may-19,Nuevo Leon,"$20,410.33 "
N.P. X299X DESIGNARE 10G,Store Pickup,Componentes,Motherboard Gigabyte X299X DESIGNARE 10G Socket LGA 2066 E-ATX X299 USB 3.2 DDR4 X299X DESIGNARE 10G,3,"$14,666.11 ",05-feb-19,Chihuahua,"$43,998.34 "
N.P. GCV-003,En linea,video,Cámara Analógica GHIA GCV-003 Alámbrica tipo bala 1MP 720p Interior / Exterior Día / Noche Negro GCV-003,5,$308.16 ,21-abr-19,Jalisco,"$1,540.80 "
N.P. GSB-011,En linea,Sonido,Barra de sonido GHIA GSB-011 2.1 canales 60W Bluetooth / USB / 3.5mm Negro GSB-011,3,"$1,157.76 ",19-may-19,Chihuahua,"$3,473.28 "
N.P. GAC-169,Fisico,Cables,Cable de datos GHIA USB Macho a USB-C Macho 2m Negro GAC-169,3,$83.78 ,07-dic-19,Queretaro,$251.33 
N.P. U2000,Store Pickup,Otros,Kit de Teclado y Mouse ASUS U2000 Estándar Negro U2000,4,$336.60 ,05-jun-19,Puebla,"$1,346.40 "
N.P. GV-N165SWF2OC-4GD,En linea,Video,Tarjeta de video GIGABYTE GeForce GTX1650 SUPER WINDFORCE OC 4G 4GB GDDR5 PCI Express GV-N165SWF2OC-4GD,5,"$4,524.39 ",15-oct-19,Queretaro,"$22,621.94 "
N.P. GAC-169,En linea,Cables,Cable de datos GHIA USB Macho a USB-C Macho 2m Negro GAC-169,2,$95.61 ,28-dic-19,Queretaro,$191.23 
N.P. BX500B,En linea,Sonido,Bocina GHIA BX500B 10W Bluetooth / USB / Micro SD Negro BX500B,5,$556.38 ,04-sep-19,Nuevo Leon,"$2,781.90 "
N.P. GAC-094,Fisico,Cables,Cable de datos GHIA USB Macho a USB-C Macho 1m Gris GAC-094,1,$74.98 ,01-dic-19,Nuevo Leon,$74.98 
N.P. GP-GSM2NE3512GNTD,Store Pickup,Almacenamiento,Unidad de estado sólido SSD GIGABYTE GP-GSM2NE3512GNTD NVMe 512GB PCIe Gen3x4 M.2 2280 NVMe 2280 Read 1700MB/s Write 1550MB/s GP-GSM2NE3512GNTD,1,"$1,330.06 ",24-mar-19,Queretaro,"$1,330.06 "
N.P. GCV-003,Fisico,video,Cámara Analógica GHIA GCV-003 Alámbrica tipo bala 1MP 720p Interior / Exterior Día / Noche Negro GCV-003,4,$346.68 ,07-dic-19,Chihuahua,"$1,386.72 "
N.P. X299X AORUS MASTER,Fisico,Componentes,Motherboard AORUS X299X MASTER Socket LGA 2066 E-ATX X299 USB 3.2 DDR4 X299X AORUS MASTER,5,"$9,664.35 ",24-mar-19,Yucatan,"$48,321.75 "
N.P. DGE-528T,En linea,Conectividad,Tarjeta de red interna D-link DGE-528T 1 puerto Ethernet Gigabit PCI Express DGE-528T,5,$295.57 ,22-abr-19,Quintana Roo,"$1,477.84 "
N.P. DGE-528T,Store Pickup,Conectividad,Tarjeta de red interna D-link DGE-528T 1 puerto Ethernet Gigabit PCI Express DGE-528T,5,$261.46 ,18-abr-19,CDMX,"$1,307.32 "
N.P. GSB-011,Fisico,Sonido,Barra de sonido GHIA GSB-011 2.1 canales 60W Bluetooth / USB / 3.5mm Negro GSB-011,3,"$1,278.36 ",07-sep-19,CDMX,"$3,835.08 "
N.P. GAC-094,Store Pickup,Cables,Cable de datos GHIA USB Macho a USB-C Macho 1m Gris GAC-094,1,$70.53 ,09-nov-19,Jalisco,$70.53 
N.P. DGS-1008A,Fisico,Conectividad,Switch D-link 8 puertos DGS-1008A 10/100/1000Mbps No Administrable DGS-1008A,2,$488.07 ,24-may-19,Chihuahua,$976.14 
N.P. X299X AORUS MASTER,Fisico,Componentes,Motherboard AORUS X299X MASTER Socket LGA 2066 E-ATX X299 USB 3.2 DDR4 X299X AORUS MASTER,1,"$10,783.38 ",29-ago-19,Quintana Roo,"$10,783.38 "
N.P. GCV-003,Fisico,video,Cámara Analógica GHIA GCV-003 Alámbrica tipo bala 1MP 720p Interior / Exterior Día / Noche Negro GCV-003,3,$340.26 ,16-mar-19,Queretaro,"$1,020.78 "
N.P. X299X AORUS XTREME WF,Fisico,Componentes,Motherboard AORUS X299X XTREME WATERFORCE Socket LGA 2066 XL-ATX X299 USB 3.2 WiFi DDR4 X299X AORUS XTREME WF,4,"$39,271.57 ",25-abr-19,Quintana Roo,"$157,086.27 "
N.P. GCV-003,Store Pickup,video,Cámara Analógica GHIA GCV-003 Alámbrica tipo bala 1MP 720p Interior / Exterior Día / Noche Negro GCV-003,3,$346.68 ,24-jul-19,Nuevo Leon,"$1,040.04 "
N.P. GAC-169,En linea,Cables,Cable de datos GHIA USB Macho a USB-C Macho 2m Negro GAC-169,5,$95.61 ,29-nov-19,Queretaro,$478.07 
N.P. X299X AORUS MASTER,En linea,Componentes,Motherboard AORUS X299X MASTER Socket LGA 2066 E-ATX X299 USB 3.2 DDR4 X299X AORUS MASTER,4,"$9,562.62 ",10-jul-19,Quintana Roo,"$38,250.48 "
N.P. GAC-094,Store Pickup,Cables,Cable de datos GHIA USB Macho a USB-C Macho 1m Gris GAC-094,5,$72.76 ,02-mar-19,Chihuahua,$363.78 
N.P. GSB-011,Store Pickup,Sonido,Barra de sonido GHIA GSB-011 2.1 canales 60W Bluetooth / USB / 3.5mm Negro GSB-011,1,"$1,193.94 ",28-oct-19,CDMX,"$1,193.94 "
N.P. BX500G,Store Pickup,Sonido,Bocina GHIA BX500G 10W Bluetooth / USB / Micro SD Gris BX500G,3,$539.52 ,04-abr-19,Puebla,"$1,618.56 "
N.P. GAC-150,Store Pickup,Cables,Cable de datos GHIA USB Macho a Micro USB Macho 2m Negro GAC-150,1,$80.14 ,18-jul-19,Puebla,$80.14 
N.P. DGE-528T,Fisico,Conectividad,Tarjeta de red interna D-link DGE-528T 1 puerto Ethernet Gigabit PCI Express DGE-528T,4,$275.67 ,21-ago-19,Jalisco,"$1,102.70 "
N.P. GAC-092,En linea,Cables,Cable de datos GHIA USB Macho a USB-C Macho 1m Dorado GAC-092,3,$75.72 ,02-nov-19,Nuevo Leon,$227.17 
N.P. BX500G,Fisico,Sonido,Bocina GHIA BX500G 10W Bluetooth / USB / Micro SD Gris BX500G,3,$550.76 ,07-sep-19,Queretaro,"$1,652.28 "
N.P. GAC-094,En linea,Cables,Cable de datos GHIA USB Macho a USB-C Macho 1m Gris GAC-094,2,$74.24 ,07-jul-19,Quintana Roo,$148.48 
N.P. GSB-011,Fisico,Sonido,Barra de sonido GHIA GSB-011 2.1 canales 60W Bluetooth / USB / 3.5mm Negro GSB-011,2,"$1,266.30 ",04-may-19,Chihuahua,"$2,532.60 "
N.P. DGS-1008A,Fisico,Conectividad,Switch D-link 8 puertos DGS-1008A 10/100/1000Mbps No Administrable DGS-1008A,4,$502.86 ,22-nov-19,Puebla,"$2,011.44 "
N.P. 100-100000011WOF,Store Pickup,Componentes,Procesador AMD RYZEN Threadripper 3970X 3.7GHz 24 núcleos Socket sTRX4 Sin Disipador 100-100000011WOF,5,"$43,121.00 ",28-may-19,Quintana Roo,"$215,605.00 "
N.P. GSP-15AP,Fisico,Sonido,"Bocina GHIA GSP-15AP 24,000W Bluetooth / USB / Micro SD Negro GSP-15AP",5,"$2,995.87 ",12-feb-19,Queretaro,"$14,979.36 "
N.P. BX500B,Store Pickup,Sonido,Bocina GHIA BX500B 10W Bluetooth / USB / Micro SD Negro BX500B,4,$578.86 ,15-abr-19,CDMX,"$2,315.44 "
N.P. GP-GSM2NE3512GNTD,Fisico,Almacenamiento,Unidad de estado sólido SSD GIGABYTE GP-GSM2NE3512GNTD NVMe 512GB PCIe Gen3x4 M.2 2280 NVMe 2280 Read 1700MB/s Write 1550MB/s GP-GSM2NE3512GNTD,5,"$1,343.63 ",08-jun-19,Queretaro,"$6,718.14 "
N.P. GSB-011,Store Pickup,Sonido,Barra de sonido GHIA GSB-011 2.1 canales 60W Bluetooth / USB / 3.5mm Negro GSB-011,2,"$1,302.48 ",05-mar-19,Nuevo Leon,"$2,604.96 "
N.P. X299X AORUS MASTER,Fisico,Componentes,Motherboard AORUS X299X MASTER Socket LGA 2066 E-ATX X299 USB 3.2 DDR4 X299X AORUS MASTER,1,"$10,478.19 ",07-feb-19,Nuevo Leon,"$10,478.19 "
N.P. GCV-003,En linea,video,Cámara Analógica GHIA GCV-003 Alámbrica tipo bala 1MP 720p Interior / Exterior Día / Noche Negro GCV-003,3,$304.95 ,10-feb-19,Yucatan,$914.85 
N.P. BX500B,Store Pickup,Sonido,Bocina GHIA BX500B 10W Bluetooth / USB / Micro SD Negro BX500B,2,$578.86 ,23-feb-19,Yucatan,"$1,157.72 "
N.P. GAC-122,Store Pickup,Energía,"Batería Portátil GHIA GAC-122 10,050mAH 2x USB Negro GAC-122",3,$372.93 ,29-dic-19,Yucatan,"$1,118.79 "
N.P. X299X DESIGNARE 10G,En linea,Componentes,Motherboard Gigabyte X299X DESIGNARE 10G Socket LGA 2066 E-ATX X299 USB 3.2 DDR4 X299X DESIGNARE 10G,1,"$15,124.43 ",06-dic-19,Queretaro,"$15,124.43 "
N.P. ASD700-1TU31-CBK,En linea,Almacenamiento,Unidad de estado sólido SSD ADATA Portable SD700 1TB USB 3.1 Read 440MB/s Write 430MB/s Negro ASD700-1TU31-CBK,5,"$2,927.84 ",03-may-19,Yucatan,"$14,639.18 "
N.P. GAC-122,Fisico,Energía,"Batería Portátil GHIA GAC-122 10,050mAH 2x USB Negro GAC-122",3,$384.96 ,18-mar-19,Yucatan,"$1,154.88 "
N.P. GAC-169,En linea,Cables,Cable de datos GHIA USB Macho a USB-C Macho 2m Negro GAC-169,4,$91.06 ,06-oct-19,Queretaro,$364.24 
N.P. DGS-1008A,En linea,Conectividad,Switch D-link 8 puertos DGS-1008A 10/100/1000Mbps No Administrable DGS-1008A,2,$512.72 ,08-dic-19,Chihuahua,"$1,025.44 "
N.P. MWP22AM/A,En linea,Sonido,Audífonos con micrófono Apple AirPods Pro Inalámbrico con estuche de carga Blanco MWP22AM/A,4,"$5,265.43 ",18-jul-19,CDMX,"$21,061.73 "
N.P. GSB-011,Fisico,Sonido,Barra de sonido GHIA GSB-011 2.1 canales 60W Bluetooth / USB / 3.5mm Negro GSB-011,1,"$1,206.00 ",18-feb-19,Puebla,"$1,206.00 "
N.P. X299X AORUS MASTER,En linea,Componentes,Motherboard AORUS X299X MASTER Socket LGA 2066 E-ATX X299 USB 3.2 DDR4 X299X AORUS MASTER,3,"$10,579.92 ",10-nov-19,Yucatan,"$31,739.76 "
N.P. GAC-094,Store Pickup,Cables,Cable de datos GHIA USB Macho a USB-C Macho 1m Gris GAC-094,5,$69.79 ,05-mar-19,Jalisco,$348.93 
N.P. GAC-092,Store Pickup,Cables,Cable de datos GHIA USB Macho a USB-C Macho 1m Dorado GAC-092,1,$69.79 ,07-mar-19,Nuevo Leon,$69.79 
N.P. ASD700-1TU31-CBK,En linea,Almacenamiento,Unidad de estado sólido SSD ADATA Portable SD700 1TB USB 3.1 Read 440MB/s Write 430MB/s Negro ASD700-1TU31-CBK,1,"$2,789.73 ",02-ago-19,Puebla,"$2,789.73 "
N.P. GAC-092,Store Pickup,Cables,Cable de datos GHIA USB Macho a USB-C Macho 1m Dorado GAC-092,1,$72.01 ,31-may-19,Yucatan,$72.01 
N.P. GP-GSM2NE3512GNTD,Store Pickup,Almacenamiento,Unidad de estado sólido SSD GIGABYTE GP-GSM2NE3512GNTD NVMe 512GB PCIe Gen3x4 M.2 2280 NVMe 2280 Read 1700MB/s Write 1550MB/s GP-GSM2NE3512GNTD,5,"$1,384.34 ",11-jun-19,Yucatan,"$6,921.72 "
N.P. GSB-011,Store Pickup,Sonido,Barra de sonido GHIA GSB-011 2.1 canales 60W Bluetooth / USB / 3.5mm Negro GSB-011,3,"$1,121.58 ",19-feb-19,Puebla,"$3,364.74 "
N.P. GAC-094,Store Pickup,Cables,Cable de datos GHIA USB Macho a USB-C Macho 1m Gris GAC-094,3,$76.47 ,29-jul-19,Chihuahua,$229.40 
N.P. DGS-1008A,En linea,Conectividad,Switch D-link 8 puertos DGS-1008A 10/100/1000Mbps No Administrable DGS-1008A,5,$453.56 ,09-abr-19,Yucatan,"$2,267.80 "
N.P. GSP-15AP,Store Pickup,Sonido,"Bocina GHIA GSP-15AP 24,000W Bluetooth / USB / Micro SD Negro GSP-15AP",5,"$2,847.56 ",23-oct-19,Chihuahua,"$14,237.81 "
N.P. GV-N165SWF2OC-4GD,Fisico,Video,Tarjeta de video GIGABYTE GeForce GTX1650 SUPER WINDFORCE OC 4G 4GB GDDR5 PCI Express GV-N165SWF2OC-4GD,4,"$4,012.19 ",02-dic-19,Quintana Roo,"$16,048.77 "
N.P. U2000,Store Pickup,Otros,Kit de Teclado y Mouse ASUS U2000 Estándar Negro U2000,5,$316.80 ,22-jul-19,Puebla,"$1,584.00 "
N.P. GAC-122,Fisico,Energía,"Batería Portátil GHIA GAC-122 10,050mAH 2x USB Negro GAC-122",4,$388.97 ,01-jun-19,Jalisco,"$1,555.88 "
N.P. BX500B,Fisico,Sonido,Bocina GHIA BX500B 10W Bluetooth / USB / Micro SD Negro BX500B,3,$584.48 ,27-mar-19,Jalisco,"$1,753.44 "
N.P. X299X DESIGNARE 10G,Store Pickup,Componentes,Motherboard Gigabyte X299X DESIGNARE 10G Socket LGA 2066 E-ATX X299 USB 3.2 DDR4 X299X DESIGNARE 10G,2,"$16,193.83 ",20-jul-19,Queretaro,"$32,387.66 "
N.P. MWP22AM/A,Fisico,Sonido,Audífonos con micrófono Apple AirPods Pro Inalámbrico con estuche de carga Blanco MWP22AM/A,3,"$5,808.26 ",05-sep-19,Quintana Roo,"$17,424.78 "
N.P. GSP-15AP,Store Pickup,Sonido,"Bocina GHIA GSP-15AP 24,000W Bluetooth / USB / Micro SD Negro GSP-15AP",5,"$2,788.24 ",24-nov-19,Yucatan,"$13,941.19 "
N.P. U2000,Store Pickup,Otros,Kit de Teclado y Mouse ASUS U2000 Estándar Negro U2000,5,$306.90 ,09-dic-19,Queretaro,"$1,534.50 "
N.P. GSB-011,Store Pickup,Sonido,Barra de sonido GHIA GSB-011 2.1 canales 60W Bluetooth / USB / 3.5mm Negro GSB-011,5,"$1,218.06 ",01-jul-19,Chihuahua,"$6,090.30 "
N.P. GSB-011,En linea,Sonido,Barra de sonido GHIA GSB-011 2.1 canales 60W Bluetooth / USB / 3.5mm Negro GSB-011,1,"$1,218.06 ",15-jul-19,Yucatan,"$1,218.06 "
N.P. X299X AORUS MASTER,En linea,Componentes,Motherboard AORUS X299X MASTER Socket LGA 2066 E-ATX X299 USB 3.2 DDR4 X299X AORUS MASTER,1,"$10,173.00 ",14-oct-19,Quintana Roo,"$10,173.00 "
N.P. BX500B,En linea,Sonido,Bocina GHIA BX500B 10W Bluetooth / USB / Micro SD Negro BX500B,2,$528.28 ,13-jun-19,Queretaro,"$1,056.56 "
N.P. GSB-011,Store Pickup,Sonido,Barra de sonido GHIA GSB-011 2.1 canales 60W Bluetooth / USB / 3.5mm Negro GSB-011,1,"$1,133.64 ",19-dic-19,Puebla,"$1,133.64 "
N.P. GV-N165SWF2OC-4GD,En linea,Video,Tarjeta de video GIGABYTE GeForce GTX1650 SUPER WINDFORCE OC 4G 4GB GDDR5 PCI Express GV-N165SWF2OC-4GD,2,"$4,182.92 ",20-mar-19,Nuevo Leon,"$8,365.85 "
N.P. U2000,En linea,Otros,Kit de Teclado y Mouse ASUS U2000 Estándar Negro U2000,1,$323.40 ,13-abr-19,Puebla,$323.40 
N.P. ASD700-1TU31-CBK,Store Pickup,Almacenamiento,Unidad de estado sólido SSD ADATA Portable SD700 1TB USB 3.1 Read 440MB/s Write 430MB/s Negro ASD700-1TU31-CBK,5,"$2,734.49 ",31-oct-19,Nuevo Leon,"$13,672.44 "
N.P. BX500G,En linea,Sonido,Bocina GHIA BX500G 10W Bluetooth / USB / Micro SD Gris BX500G,3,$539.52 ,05-oct-19,Quintana Roo,"$1,618.56 "
N.P. MWP22AM/A,Fisico,Sonido,Audífonos con micrófono Apple AirPods Pro Inalámbrico con estuche de carga Blanco MWP22AM/A,3,"$5,428.28 ",19-mar-19,Quintana Roo,"$16,284.84 "
N.P. 3MARMPRB.0001,Store Pickup,Otros,Silla Deportiva COUGAR Gaming ARMOR Pro Negro 3MARMPRB.0001,1,"$4,969.44 ",10-jun-19,Nuevo Leon,"$4,969.44 "
N.P. ASD700-1TU31-CBK,Fisico,Almacenamiento,Unidad de estado sólido SSD ADATA Portable SD700 1TB USB 3.1 Read 440MB/s Write 430MB/s Negro ASD700-1TU31-CBK,3,"$2,872.59 ",04-ago-19,Quintana Roo,"$8,617.78 "
N.P. 3MARMPRB.0001,Store Pickup,Otros,Silla Deportiva COUGAR Gaming ARMOR Pro Negro 3MARMPRB.0001,3,"$4,685.47 ",23-feb-19,CDMX,"$14,056.42 "
N.P. DIR-878,Store Pickup,Conectividad,Router D-Link DIR-878 Wireless-AC1900 Dual Banda 2.4GHz / 5Ghz 1900Mb/s WiFi 1x Wan 4x Lan DIR-878,3,"$2,955.91 ",13-oct-19,Jalisco,"$8,867.74 "
N.P. GAC-084,Store Pickup,Cables,Cable de datos GHIA USB Macho a USB-C Macho 1m Negro / Rojo GAC-084,1,$35.47 ,16-sep-19,Yucatan,$35.47 
N.P. GCV-003,Fisico,video,Cámara Analógica GHIA GCV-003 Alámbrica tipo bala 1MP 720p Interior / Exterior Día / Noche Negro GCV-003,5,$311.37 ,28-jul-19,Yucatan,"$1,556.85 "
N.P. 3MARMPRB.0001,En linea,Otros,Silla Deportiva COUGAR Gaming ARMOR Pro Negro 3MARMPRB.0001,2,"$4,354.18 ",06-may-19,Yucatan,"$8,708.35 "
N.P. GAC-122,Fisico,Energía,"Batería Portátil GHIA GAC-122 10,050mAH 2x USB Negro GAC-122",4,$396.99 ,22-abr-19,Queretaro,"$1,587.96 "
N.P. GV-N165SWF2OC-4GD,Store Pickup,Video,Tarjeta de video GIGABYTE GeForce GTX1650 SUPER WINDFORCE OC 4G 4GB GDDR5 PCI Express GV-N165SWF2OC-4GD,3,"$3,969.51 ",03-oct-19,Yucatan,"$11,908.53 "
N.P. GAC-150,En linea,Cables,Cable de datos GHIA USB Macho a Micro USB Macho 2m Negro GAC-150,3,$90.38 ,24-ago-19,Chihuahua,$271.13 
N.P. BX500G,En linea,Sonido,Bocina GHIA BX500G 10W Bluetooth / USB / Micro SD Gris BX500G,5,$595.72 ,22-sep-19,Queretaro,"$2,978.60 "
N.P. X299X AORUS XTREME WF,Fisico,Componentes,Motherboard AORUS X299X XTREME WATERFORCE Socket LGA 2066 XL-ATX X299 USB 3.2 WiFi DDR4 X299X AORUS XTREME WF,3,"$37,436.45 ",18-nov-19,CDMX,"$112,309.34 "
N.P. 3MARMPRB.0001,En linea,Otros,Silla Deportiva COUGAR Gaming ARMOR Pro Negro 3MARMPRB.0001,4,"$4,969.44 ",16-abr-19,Yucatan,"$19,877.76 "
N.P. GV-N165SWF2OC-4GD,En linea,Video,Tarjeta de video GIGABYTE GeForce GTX1650 SUPER WINDFORCE OC 4G 4GB GDDR5 PCI Express GV-N165SWF2OC-4GD,1,"$4,310.97 ",27-nov-19,Yucatan,"$4,310.97 "
N.P. GAC-096,Fisico,Cables,Cable de datos GHIA USB Macho a Lightning / Micro USB Macho 1m Azul / Gris GAC-096,1,$50.67 ,26-mar-19,Yucatan,$50.67 
N.P. X299X AORUS XTREME WF,Fisico,Componentes,Motherboard AORUS X299X XTREME WATERFORCE Socket LGA 2066 XL-ATX X299 USB 3.2 WiFi DDR4 X299X AORUS XTREME WF,1,"$36,702.40 ",26-jun-19,CDMX,"$36,702.40 "
N.P. GCV-003,En linea,video,Cámara Analógica GHIA GCV-003 Alámbrica tipo bala 1MP 720p Interior / Exterior Día / Noche Negro GCV-003,2,$333.84 ,07-jul-19,Yucatan,$667.68 
N.P. X299X AORUS XTREME WF,Store Pickup,Componentes,Motherboard AORUS X299X XTREME WATERFORCE Socket LGA 2066 XL-ATX X299 USB 3.2 WiFi DDR4 X299X AORUS XTREME WF,3,"$35,601.33 ",03-dic-19,Queretaro,"$106,803.98 "
N.P. GAC-092,En linea,Cables,Cable de datos GHIA USB Macho a USB-C Macho 1m Dorado GAC-092,4,$70.53 ,27-jul-19,Quintana Roo,$282.11 
N.P. X299X AORUS XTREME WF,Store Pickup,Componentes,Motherboard AORUS X299X XTREME WATERFORCE Socket LGA 2066 XL-ATX X299 USB 3.2 WiFi DDR4 X299X AORUS XTREME WF,2,"$34,133.23 ",13-nov-19,Puebla,"$68,266.46 "
N.P. X299X DESIGNARE 10G,Store Pickup,Componentes,Motherboard Gigabyte X299X DESIGNARE 10G Socket LGA 2066 E-ATX X299 USB 3.2 DDR4 X299X DESIGNARE 10G,2,"$16,193.83 ",31-jul-19,Jalisco,"$32,387.66 "
N.P. GCV-003,Fisico,video,Cámara Analógica GHIA GCV-003 Alámbrica tipo bala 1MP 720p Interior / Exterior Día / Noche Negro GCV-003,5,$308.16 ,26-jul-19,Nuevo Leon,"$1,540.80 "
N.P. GV-N165SWF2OC-4GD,Store Pickup,Video,Tarjeta de video GIGABYTE GeForce GTX1650 SUPER WINDFORCE OC 4G 4GB GDDR5 PCI Express GV-N165SWF2OC-4GD,2,"$4,609.75 ",16-sep-19,Queretaro,"$9,219.51 "
N.P. DGE-528T,Fisico,Conectividad,Tarjeta de red interna D-link DGE-528T 1 puerto Ethernet Gigabit PCI Express DGE-528T,3,$275.67 ,14-may-19,CDMX,$827.02 
N.P. GAC-084,Fisico,Cables,Cable de datos GHIA USB Macho a USB-C Macho 1m Negro / Rojo GAC-084,2,$34.10 ,24-oct-19,Queretaro,$68.19 
N.P. GSP-15AP,En linea,Sonido,"Bocina GHIA GSP-15AP 24,000W Bluetooth / USB / Micro SD Negro GSP-15AP",3,"$2,877.22 ",18-nov-19,Chihuahua,"$8,631.67 "
N.P. GAC-122,Fisico,Energía,"Batería Portátil GHIA GAC-122 10,050mAH 2x USB Negro GAC-122",2,$417.04 ,09-dic-19,Jalisco,$834.08 
N.P. GAC-122,En linea,Energía,"Batería Portátil GHIA GAC-122 10,050mAH 2x USB Negro GAC-122",3,$380.95 ,10-feb-19,CDMX,"$1,142.85 "
N.P. GAC-169,Fisico,Cables,Cable de datos GHIA USB Macho a USB-C Macho 2m Negro GAC-169,1,$84.69 ,08-oct-19,Jalisco,$84.69 
N.P. BX500B,Fisico,Sonido,Bocina GHIA BX500B 10W Bluetooth / USB / Micro SD Negro BX500B,1,$606.96 ,22-jul-19,Yucatan,$606.96 
N.P. GAC-084,Fisico,Cables,Cable de datos GHIA USB Macho a USB-C Macho 1m Negro / Rojo GAC-084,5,$36.85 ,01-jun-19,Nuevo Leon,$184.25 
N.P. GAC-150,Fisico,Cables,Cable de datos GHIA USB Macho a Micro USB Macho 2m Negro GAC-150,3,$81.00 ,26-dic-19,Queretaro,$242.99 
N.P. GCV-003,Store Pickup,video,Cámara Analógica GHIA GCV-003 Alámbrica tipo bala 1MP 720p Interior / Exterior Día / Noche Negro GCV-003,2,$317.79 ,07-may-19,Queretaro,$635.58 
N.P. GAC-084,En linea,Cables,Cable de datos GHIA USB Macho a USB-C Macho 1m Negro / Rojo GAC-084,2,$31.68 ,08-mar-19,Quintana Roo,$63.37 
N.P. GAC-084,En linea,Cables,Cable de datos GHIA USB Macho a USB-C Macho 1m Negro / Rojo GAC-084,1,$32.03 ,28-jul-19,Queretaro,$32.03 
N.P. GAC-084,Store Pickup,Cables,Cable de datos GHIA USB Macho a USB-C Macho 1m Negro / Rojo GAC-084,2,$32.37 ,22-abr-19,Queretaro,$64.75 
N.P. GP-GSM2NE3512GNTD,Fisico,Almacenamiento,Unidad de estado sólido SSD GIGABYTE GP-GSM2NE3512GNTD NVMe 512GB PCIe Gen3x4 M.2 2280 NVMe 2280 Read 1700MB/s Write 1550MB/s GP-GSM2NE3512GNTD,5,"$1,248.62 ",22-sep-19,Puebla,"$6,243.12 "
N.P. GAC-094,Store Pickup,Cables,Cable de datos GHIA USB Macho a USB-C Macho 1m Gris GAC-094,1,$68.30 ,15-feb-19,CDMX,$68.30 
N.P. GP-GSM2NE3512GNTD,Store Pickup,Almacenamiento,Unidad de estado sólido SSD GIGABYTE GP-GSM2NE3512GNTD NVMe 512GB PCIe Gen3x4 M.2 2280 NVMe 2280 Read 1700MB/s Write 1550MB/s GP-GSM2NE3512GNTD,4,"$1,370.77 ",23-nov-19,CDMX,"$5,483.09 "
N.P. GAC-121,Store Pickup,Energía,"Batería Portátil GHIA GAC-121 20,100mAH 2x USB Negro GAC-121",5,$537.68 ,27-abr-19,Puebla,"$2,688.40 "
N.P. GAC-169,En linea,Cables,Cable de datos GHIA USB Macho a USB-C Macho 2m Negro GAC-169,2,$98.34 ,01-sep-19,Quintana Roo,$196.69 
N.P. X299X DESIGNARE 10G,Fisico,Componentes,Motherboard Gigabyte X299X DESIGNARE 10G Socket LGA 2066 E-ATX X299 USB 3.2 DDR4 X299X DESIGNARE 10G,3,"$14,666.11 ",12-jul-19,Yucatan,"$43,998.34 "
N.P. 3MARMPRB.0001,Store Pickup,Otros,Silla Deportiva COUGAR Gaming ARMOR Pro Negro 3MARMPRB.0001,4,"$4,638.14 ",01-sep-19,Puebla,"$18,552.58 "
N.P. 100-100000011WOF,En linea,Componentes,Procesador AMD RYZEN Threadripper 3970X 3.7GHz 24 núcleos Socket sTRX4 Sin Disipador 100-100000011WOF,1,"$43,552.21 ",10-ago-19,Queretaro,"$43,552.21 "
N.P. GSP-15AP,Store Pickup,Sonido,"Bocina GHIA GSP-15AP 24,000W Bluetooth / USB / Micro SD Negro GSP-15AP",3,"$2,877.22 ",04-may-19,Puebla,"$8,631.67 "
N.P. GAC-092,Store Pickup,Cables,Cable de datos GHIA USB Macho a USB-C Macho 1m Dorado GAC-092,5,$80.18 ,06-dic-19,Chihuahua,$400.90 
N.P. ASD700-1TU31-CBK,En linea,Almacenamiento,Unidad de estado sólido SSD ADATA Portable SD700 1TB USB 3.1 Read 440MB/s Write 430MB/s Negro ASD700-1TU31-CBK,3,"$2,706.87 ",06-feb-19,Nuevo Leon,"$8,120.60 "
N.P. BX500G,Store Pickup,Sonido,Bocina GHIA BX500G 10W Bluetooth / USB / Micro SD Gris BX500G,5,$567.62 ,13-may-19,Queretaro,"$2,838.10 "
N.P. GSP-15AP,En linea,Sonido,"Bocina GHIA GSP-15AP 24,000W Bluetooth / USB / Micro SD Negro GSP-15AP",2,"$3,055.20 ",03-may-19,Yucatan,"$6,110.39 "
N.P. GAC-092,Fisico,Cables,Cable de datos GHIA USB Macho a USB-C Macho 1m Dorado GAC-092,2,$79.44 ,14-dic-19,Chihuahua,$158.87 
N.P. GV-N165SWF2OC-4GD,Fisico,Video,Tarjeta de video GIGABYTE GeForce GTX1650 SUPER WINDFORCE OC 4G 4GB GDDR5 PCI Express GV-N165SWF2OC-4GD,1,"$3,926.83 ",15-jul-19,Quintana Roo,"$3,926.83 "
N.P. DIR-878,Store Pickup,Conectividad,Router D-Link DIR-878 Wireless-AC1900 Dual Banda 2.4GHz / 5Ghz 1900Mb/s WiFi 1x Wan 4x Lan DIR-878,4,"$2,955.91 ",24-oct-19,Chihuahua,"$11,823.65 "
N.P. GAC-092,En linea,Cables,Cable de datos GHIA USB Macho a USB-C Macho 1m Dorado GAC-092,4,$75.72 ,07-sep-19,Puebla,$302.90 
N.P. DGS-1008A,Fisico,Conectividad,Switch D-link 8 puertos DGS-1008A 10/100/1000Mbps No Administrable DGS-1008A,5,$483.14 ,28-oct-19,Jalisco,"$2,415.70 "
N.P. DIR-878,Store Pickup,Conectividad,Router D-Link DIR-878 Wireless-AC1900 Dual Banda 2.4GHz / 5Ghz 1900Mb/s WiFi 1x Wan 4x Lan DIR-878,4,"$3,210.18 ",29-ago-19,Jalisco,"$12,840.74 "
N.P. X299X AORUS XTREME WF,En linea,Componentes,Motherboard AORUS X299X XTREME WATERFORCE Socket LGA 2066 XL-ATX X299 USB 3.2 WiFi DDR4 X299X AORUS XTREME WF,2,"$37,069.42 ",28-dic-19,Yucatan,"$74,138.85 "
N.P. GP-GSM2NE3512GNTD,Store Pickup,Almacenamiento,Unidad de estado sólido SSD GIGABYTE GP-GSM2NE3512GNTD NVMe 512GB PCIe Gen3x4 M.2 2280 NVMe 2280 Read 1700MB/s Write 1550MB/s GP-GSM2NE3512GNTD,5,"$1,397.92 ",03-jun-19,Jalisco,"$6,989.58 "
N.P. X299X DESIGNARE 10G,Store Pickup,Componentes,Motherboard Gigabyte X299X DESIGNARE 10G Socket LGA 2066 E-ATX X299 USB 3.2 DDR4 X299X DESIGNARE 10G,2,"$14,360.57 ",26-abr-19,Yucatan,"$28,721.14 "
N.P. GSP-15AP,En linea,Sonido,"Bocina GHIA GSP-15AP 24,000W Bluetooth / USB / Micro SD Negro GSP-15AP",1,"$3,114.52 ",20-feb-19,Puebla,"$3,114.52 "
N.P. GAC-092,Store Pickup,Cables,Cable de datos GHIA USB Macho a USB-C Macho 1m Dorado GAC-092,4,$77.95 ,15-abr-19,Chihuahua,$311.81 
N.P. X299X AORUS MASTER,Store Pickup,Componentes,Motherboard AORUS X299X MASTER Socket LGA 2066 E-ATX X299 USB 3.2 DDR4 X299X AORUS MASTER,5,"$10,173.00 ",13-abr-19,Yucatan,"$50,865.00 "
N.P. GAC-092,Fisico,Cables,Cable de datos GHIA USB Macho a USB-C Macho 1m Dorado GAC-092,1,$69.79 ,29-jul-19,Chihuahua,$69.79 
N.P. 3MARMPRB.0001,Store Pickup,Otros,Silla Deportiva COUGAR Gaming ARMOR Pro Negro 3MARMPRB.0001,4,"$4,590.82 ",14-dic-19,Jalisco,"$18,363.26 "
N.P. DIR-878,Store Pickup,Conectividad,Router D-Link DIR-878 Wireless-AC1900 Dual Banda 2.4GHz / 5Ghz 1900Mb/s WiFi 1x Wan 4x Lan DIR-878,2,"$3,241.97 ",12-jun-19,Nuevo Leon,"$6,483.94 "
N.P. BX500G,Store Pickup,Sonido,Bocina GHIA BX500G 10W Bluetooth / USB / Micro SD Gris BX500G,1,$601.34 ,11-abr-19,Jalisco,$601.34 
N.P. X299X AORUS MASTER,En linea,Componentes,Motherboard AORUS X299X MASTER Socket LGA 2066 E-ATX X299 USB 3.2 DDR4 X299X AORUS MASTER,5,"$10,274.73 ",27-abr-19,CDMX,"$51,373.65 "
N.P. DGE-528T,Store Pickup,Conectividad,Tarjeta de red interna D-link DGE-528T 1 puerto Ethernet Gigabit PCI Express DGE-528T,3,$287.04 ,11-oct-19,Yucatan,$861.13 
N.P. BX500G,Fisico,Sonido,Bocina GHIA BX500G 10W Bluetooth / USB / Micro SD Gris BX500G,3,$578.86 ,08-feb-19,Puebla,"$1,736.58 "
N.P. GSP-15AP,Store Pickup,Sonido,"Bocina GHIA GSP-15AP 24,000W Bluetooth / USB / Micro SD Negro GSP-15AP",5,"$3,203.51 ",21-dic-19,Nuevo Leon,"$16,017.53 "
N.P. GV-N165SWF2OC-4GD,Store Pickup,Video,Tarjeta de video GIGABYTE GeForce GTX1650 SUPER WINDFORCE OC 4G 4GB GDDR5 PCI Express GV-N165SWF2OC-4GD,5,"$4,054.88 ",27-sep-19,Queretaro,"$20,274.38 "
N.P. 100-100000011WOF,Fisico,Componentes,Procesador AMD RYZEN Threadripper 3970X 3.7GHz 24 núcleos Socket sTRX4 Sin Disipador 100-100000011WOF,3,"$43,983.42 ",10-jul-19,Nuevo Leon,"$131,950.26 "
N.P. DGS-1008A,Store Pickup,Conectividad,Switch D-link 8 puertos DGS-1008A 10/100/1000Mbps No Administrable DGS-1008A,5,$507.79 ,22-oct-19,Chihuahua,"$2,538.95 "
N.P. BX500G,Fisico,Sonido,Bocina GHIA BX500G 10W Bluetooth / USB / Micro SD Gris BX500G,5,$567.62 ,19-dic-19,Nuevo Leon,"$2,838.10 "
N.P. U2000,Fisico,Otros,Kit de Teclado y Mouse ASUS U2000 Estándar Negro U2000,5,$339.90 ,05-jul-19,Jalisco,"$1,699.50 "
N.P. GAC-121,En linea,Energía,"Batería Portátil GHIA GAC-121 20,100mAH 2x USB Negro GAC-121",3,$617.76 ,02-nov-19,Jalisco,"$1,853.28 "
N.P. X299X DESIGNARE 10G,Fisico,Componentes,Motherboard Gigabyte X299X DESIGNARE 10G Socket LGA 2066 E-ATX X299 USB 3.2 DDR4 X299X DESIGNARE 10G,5,"$14,818.88 ",31-may-19,Puebla,"$74,094.42 "
N.P. X299X AORUS MASTER,En linea,Componentes,Motherboard AORUS X299X MASTER Socket LGA 2066 E-ATX X299 USB 3.2 DDR4 X299X AORUS MASTER,2,"$10,071.27 ",02-sep-19,Chihuahua,"$20,142.54 "
N.P. U2000,En linea,Otros,Kit de Teclado y Mouse ASUS U2000 Estándar Negro U2000,3,$303.60 ,17-ago-19,Queretaro,$910.80 
N.P. BX500G,Fisico,Sonido,Bocina GHIA BX500G 10W Bluetooth / USB / Micro SD Gris BX500G,1,$556.38 ,19-mar-19,Queretaro,$556.38 
N.P. GAC-096,Store Pickup,Cables,Cable de datos GHIA USB Macho a Lightning / Micro USB Macho 1m Azul / Gris GAC-096,3,$53.84 ,29-oct-19,Yucatan,$161.51 
N.P. GAC-094,En linea,Cables,Cable de datos GHIA USB Macho a USB-C Macho 1m Gris GAC-094,2,$71.27 ,07-feb-19,Yucatan,$142.54 
N.P. GAC-169,Fisico,Cables,Cable de datos GHIA USB Macho a USB-C Macho 2m Negro GAC-169,4,$93.79 ,27-nov-19,Quintana Roo,$375.17 
N.P. 3MARMPRB.0001,Store Pickup,Otros,Silla Deportiva COUGAR Gaming ARMOR Pro Negro 3MARMPRB.0001,3,"$5,016.77 ",11-jul-19,Chihuahua,"$15,050.30 "
N.P. 100-100000011WOF,Store Pickup,Componentes,Procesador AMD RYZEN Threadripper 3970X 3.7GHz 24 núcleos Socket sTRX4 Sin Disipador 100-100000011WOF,4,"$42,689.79 ",25-ago-19,CDMX,"$170,759.16 "
N.P. GAC-084,Store Pickup,Cables,Cable de datos GHIA USB Macho a USB-C Macho 1m Negro / Rojo GAC-084,1,$34.10 ,18-sep-19,Jalisco,$34.10 
N.P. GCV-003,Fisico,video,Cámara Analógica GHIA GCV-003 Alámbrica tipo bala 1MP 720p Interior / Exterior Día / Noche Negro GCV-003,4,$317.79 ,04-dic-19,CDMX,"$1,271.16 "
N.P. BX500G,En linea,Sonido,Bocina GHIA BX500G 10W Bluetooth / USB / Micro SD Gris BX500G,3,$562.00 ,09-nov-19,Nuevo Leon,"$1,686.00 "
N.P. 3MARMPRB.0001,Store Pickup,Otros,Silla Deportiva COUGAR Gaming ARMOR Pro Negro 3MARMPRB.0001,1,"$4,638.14 ",26-nov-19,Chihuahua,"$4,638.14 "
N.P. BX500G,En linea,Sonido,Bocina GHIA BX500G 10W Bluetooth / USB / Micro SD Gris BX500G,4,$533.90 ,04-feb-19,Chihuahua,"$2,135.60 "
N.P. ASD700-1TU31-CBK,En linea,Almacenamiento,Unidad de estado sólido SSD ADATA Portable SD700 1TB USB 3.1 Read 440MB/s Write 430MB/s Negro ASD700-1TU31-CBK,4,"$2,900.22 ",15-dic-19,Yucatan,"$11,600.86 "
N.P. GV-N165SWF2OC-4GD,Store Pickup,Video,Tarjeta de video GIGABYTE GeForce GTX1650 SUPER WINDFORCE OC 4G 4GB GDDR5 PCI Express GV-N165SWF2OC-4GD,5,"$4,225.61 ",15-dic-19,Yucatan,"$21,128.04 "
N.P. X299X AORUS MASTER,En linea,Componentes,Motherboard AORUS X299X MASTER Socket LGA 2066 E-ATX X299 USB 3.2 DDR4 X299X AORUS MASTER,5,"$9,969.54 ",01-sep-19,Queretaro,"$49,847.70 "
N.P. X299X AORUS XTREME WF,Fisico,Componentes,Motherboard AORUS X299X XTREME WATERFORCE Socket LGA 2066 XL-ATX X299 USB 3.2 WiFi DDR4 X299X AORUS XTREME WF,4,"$38,904.54 ",04-feb-19,Queretaro,"$155,618.18 "
N.P. DGE-528T,Store Pickup,Conectividad,Tarjeta de red interna D-link DGE-528T 1 puerto Ethernet Gigabit PCI Express DGE-528T,1,$281.36 ,23-nov-19,Quintana Roo,$281.36 
N.P. DGE-528T,En linea,Conectividad,Tarjeta de red interna D-link DGE-528T 1 puerto Ethernet Gigabit PCI Express DGE-528T,4,$304.09 ,19-may-19,Chihuahua,"$1,216.38 "
N.P. ASD700-1TU31-CBK,En linea,Almacenamiento,Unidad de estado sólido SSD ADATA Portable SD700 1TB USB 3.1 Read 440MB/s Write 430MB/s Negro ASD700-1TU31-CBK,1,"$2,624.00 ",21-jul-19,Puebla,"$2,624.00 "
N.P. BX500G,Fisico,Sonido,Bocina GHIA BX500G 10W Bluetooth / USB / Micro SD Gris BX500G,3,$533.90 ,01-abr-19,CDMX,"$1,601.70 "
N.P. GAC-096,Fisico,Cables,Cable de datos GHIA USB Macho a Lightning / Micro USB Macho 1m Azul / Gris GAC-096,2,$49.09 ,19-mar-19,Queretaro,$98.17 
N.P. GAC-122,En linea,Energía,"Batería Portátil GHIA GAC-122 10,050mAH 2x USB Negro GAC-122",3,$388.97 ,11-oct-19,Puebla,"$1,166.91 "
N.P. GAC-169,Fisico,Cables,Cable de datos GHIA USB Macho a USB-C Macho 2m Negro GAC-169,1,$93.79 ,09-sep-19,Yucatan,$93.79 
N.P. X299X AORUS MASTER,Fisico,Componentes,Motherboard AORUS X299X MASTER Socket LGA 2066 E-ATX X299 USB 3.2 DDR4 X299X AORUS MASTER,2,"$9,664.35 ",28-nov-19,Nuevo Leon,"$19,328.70 "
N.P. GP-GSM2NE3512GNTD,En linea,Almacenamiento,Unidad de estado sólido SSD GIGABYTE GP-GSM2NE3512GNTD NVMe 512GB PCIe Gen3x4 M.2 2280 NVMe 2280 Read 1700MB/s Write 1550MB/s GP-GSM2NE3512GNTD,4,"$1,316.48 ",27-feb-19,CDMX,"$5,265.94 "
N.P. GCV-003,Fisico,video,Cámara Analógica GHIA GCV-003 Alámbrica tipo bala 1MP 720p Interior / Exterior Día / Noche Negro GCV-003,3,$321.00 ,01-dic-19,Yucatan,$963.00 
N.P. GV-N165SWF2OC-4GD,Store Pickup,Video,Tarjeta de video GIGABYTE GeForce GTX1650 SUPER WINDFORCE OC 4G 4GB GDDR5 PCI Express GV-N165SWF2OC-4GD,3,"$4,310.97 ",02-mar-19,Jalisco,"$12,932.92 "
N.P. GAC-084,Fisico,Cables,Cable de datos GHIA USB Macho a USB-C Macho 1m Negro / Rojo GAC-084,3,$34.78 ,23-oct-19,Jalisco,$104.35 
N.P. DGE-528T,En linea,Conectividad,Tarjeta de red interna D-link DGE-528T 1 puerto Ethernet Gigabit PCI Express DGE-528T,3,$284.20 ,19-mar-19,CDMX,$852.60 
N.P. GCV-003,Store Pickup,video,Cámara Analógica GHIA GCV-003 Alámbrica tipo bala 1MP 720p Interior / Exterior Día / Noche Negro GCV-003,4,$311.37 ,09-may-19,CDMX,"$1,245.48 "
N.P. U2000,En linea,Otros,Kit de Teclado y Mouse ASUS U2000 Estándar Negro U2000,3,$320.10 ,23-oct-19,Chihuahua,$960.30 
N.P. GP-GSM2NE3512GNTD,Fisico,Almacenamiento,Unidad de estado sólido SSD GIGABYTE GP-GSM2NE3512GNTD NVMe 512GB PCIe Gen3x4 M.2 2280 NVMe 2280 Read 1700MB/s Write 1550MB/s GP-GSM2NE3512GNTD,5,"$1,275.77 ",14-abr-19,Yucatan,"$6,378.84 "
N.P. GAC-169,Store Pickup,Cables,Cable de datos GHIA USB Macho a USB-C Macho 2m Negro GAC-169,3,$86.51 ,03-oct-19,CDMX,$259.52 
N.P. X299X DESIGNARE 10G,Store Pickup,Componentes,Motherboard Gigabyte X299X DESIGNARE 10G Socket LGA 2066 E-ATX X299 USB 3.2 DDR4 X299X DESIGNARE 10G,4,"$14,513.34 ",09-sep-19,Jalisco,"$58,053.36 "
N.P. DGE-528T,Store Pickup,Conectividad,Tarjeta de red interna D-link DGE-528T 1 puerto Ethernet Gigabit PCI Express DGE-528T,5,$261.46 ,11-nov-19,Jalisco,"$1,307.32 "
N.P. X299X AORUS XTREME WF,Store Pickup,Componentes,Motherboard AORUS X299X XTREME WATERFORCE Socket LGA 2066 XL-ATX X299 USB 3.2 WiFi DDR4 X299X AORUS XTREME WF,2,"$35,234.30 ",26-nov-19,Queretaro,"$70,468.61 "
N.P. DGE-528T,Store Pickup,Conectividad,Tarjeta de red interna D-link DGE-528T 1 puerto Ethernet Gigabit PCI Express DGE-528T,5,$281.36 ,05-abr-19,Yucatan,"$1,406.79 "
N.P. MWP22AM/A,En linea,Sonido,Audífonos con micrófono Apple AirPods Pro Inalámbrico con estuche de carga Blanco MWP22AM/A,5,"$5,808.26 ",16-dic-19,Chihuahua,"$29,041.30 "
N.P. X299X AORUS MASTER,Fisico,Componentes,Motherboard AORUS X299X MASTER Socket LGA 2066 E-ATX X299 USB 3.2 DDR4 X299X AORUS MASTER,4,"$10,783.38 ",15-nov-19,Queretaro,"$43,133.52 "
N.P. GAC-122,En linea,Energía,"Batería Portátil GHIA GAC-122 10,050mAH 2x USB Negro GAC-122",3,$396.99 ,18-sep-19,Queretaro,"$1,190.97 "
N.P. GCV-003,En linea,video,Cámara Analógica GHIA GCV-003 Alámbrica tipo bala 1MP 720p Interior / Exterior Día / Noche Negro GCV-003,2,$314.58 ,11-dic-19,Quintana Roo,$629.16 
N.P. DGS-1008A,En linea,Conectividad,Switch D-link 8 puertos DGS-1008A 10/100/1000Mbps No Administrable DGS-1008A,1,$478.21 ,23-jun-19,Chihuahua,$478.21 
N.P. GAC-094,En linea,Cables,Cable de datos GHIA USB Macho a USB-C Macho 1m Gris GAC-094,5,$68.30 ,23-nov-19,Yucatan,$341.50 
N.P. GP-GSM2NE3512GNTD,Store Pickup,Almacenamiento,Unidad de estado sólido SSD GIGABYTE GP-GSM2NE3512GNTD NVMe 512GB PCIe Gen3x4 M.2 2280 NVMe 2280 Read 1700MB/s Write 1550MB/s GP-GSM2NE3512GNTD,1,"$1,397.92 ",14-dic-19,Chihuahua,"$1,397.92 "
N.P. GAC-121,Fisico,Energía,"Batería Portátil GHIA GAC-121 20,100mAH 2x USB Negro GAC-121",2,$589.16 ,17-oct-19,Quintana Roo,"$1,178.32 "
N.P. GAC-150,Fisico,Cables,Cable de datos GHIA USB Macho a Micro USB Macho 2m Negro GAC-150,1,$85.26 ,31-oct-19,Yucatan,$85.26 
N.P. U2000,Fisico,Otros,Kit de Teclado y Mouse ASUS U2000 Estándar Negro U2000,4,$343.20 ,16-mar-19,Jalisco,"$1,372.80 "
N.P. GAC-084,Store Pickup,Cables,Cable de datos GHIA USB Macho a USB-C Macho 1m Negro / Rojo GAC-084,1,$32.03 ,18-ago-19,Yucatan,$32.03 
N.P. MWP22AM/A,Store Pickup,Sonido,Audífonos con micrófono Apple AirPods Pro Inalámbrico con estuche de carga Blanco MWP22AM/A,3,"$5,645.41 ",14-oct-19,Nuevo Leon,"$16,936.23 "
N.P. GSB-011,En linea,Sonido,Barra de sonido GHIA GSB-011 2.1 canales 60W Bluetooth / USB / 3.5mm Negro GSB-011,4,"$1,278.36 ",23-mar-19,Jalisco,"$5,113.44 "
N.P. GSP-15AP,Fisico,Sonido,"Bocina GHIA GSP-15AP 24,000W Bluetooth / USB / Micro SD Negro GSP-15AP",2,"$2,788.24 ",03-nov-19,Quintana Roo,"$5,576.47 "
N.P. DGE-528T,En linea,Conectividad,Tarjeta de red interna D-link DGE-528T 1 puerto Ethernet Gigabit PCI Express DGE-528T,3,$301.25 ,22-jun-19,Queretaro,$903.76 
N.P. MWP22AM/A,Fisico,Sonido,Audífonos con micrófono Apple AirPods Pro Inalámbrico con estuche de carga Blanco MWP22AM/A,3,"$4,994.02 ",17-abr-19,Nuevo Leon,"$14,982.05 "
N.P. X299X DESIGNARE 10G,Fisico,Componentes,Motherboard Gigabyte X299X DESIGNARE 10G Socket LGA 2066 E-ATX X299 USB 3.2 DDR4 X299X DESIGNARE 10G,4,"$14,818.88 ",20-dic-19,Yucatan,"$59,275.54 "
N.P. X299X DESIGNARE 10G,Fisico,Componentes,Motherboard Gigabyte X299X DESIGNARE 10G Socket LGA 2066 E-ATX X299 USB 3.2 DDR4 X299X DESIGNARE 10G,4,"$15,888.29 ",27-oct-19,CDMX,"$63,553.15 "
N.P. X299X AORUS XTREME WF,Fisico,Componentes,Motherboard AORUS X299X XTREME WATERFORCE Socket LGA 2066 XL-ATX X299 USB 3.2 WiFi DDR4 X299X AORUS XTREME WF,2,"$37,436.45 ",05-ago-19,CDMX,"$74,872.90 "
N.P. X299X AORUS XTREME WF,En linea,Componentes,Motherboard AORUS X299X XTREME WATERFORCE Socket LGA 2066 XL-ATX X299 USB 3.2 WiFi DDR4 X299X AORUS XTREME WF,3,"$37,069.42 ",23-dic-19,Puebla,"$111,208.27 "
N.P. GAC-092,Fisico,Cables,Cable de datos GHIA USB Macho a USB-C Macho 1m Dorado GAC-092,1,$77.21 ,24-jun-19,Queretaro,$77.21 
N.P. GAC-122,Fisico,Energía,"Batería Portátil GHIA GAC-122 10,050mAH 2x USB Negro GAC-122",1,$413.03 ,22-abr-19,Queretaro,$413.03 
N.P. GSP-15AP,Fisico,Sonido,"Bocina GHIA GSP-15AP 24,000W Bluetooth / USB / Micro SD Negro GSP-15AP",5,"$2,847.56 ",16-mar-19,CDMX,"$14,237.81 "
N.P. GAC-096,Store Pickup,Cables,Cable de datos GHIA USB Macho a Lightning / Micro USB Macho 1m Azul / Gris GAC-096,4,$49.09 ,11-jun-19,Puebla,$196.34 
N.P. GAC-169,Store Pickup,Cables,Cable de datos GHIA USB Macho a USB-C Macho 2m Negro GAC-169,4,$94.70 ,03-ago-19,Queretaro,$378.81 
N.P. GAC-150,En linea,Cables,Cable de datos GHIA USB Macho a Micro USB Macho 2m Negro GAC-150,5,$83.55 ,23-ago-19,CDMX,$417.77 
N.P. GV-N165SWF2OC-4GD,Store Pickup,Video,Tarjeta de video GIGABYTE GeForce GTX1650 SUPER WINDFORCE OC 4G 4GB GDDR5 PCI Express GV-N165SWF2OC-4GD,4,"$4,310.97 ",12-ago-19,Queretaro,"$17,243.89 "
N.P. X299X DESIGNARE 10G,Fisico,Componentes,Motherboard Gigabyte X299X DESIGNARE 10G Socket LGA 2066 E-ATX X299 USB 3.2 DDR4 X299X DESIGNARE 10G,1,"$14,818.88 ",21-feb-19,Queretaro,"$14,818.88 "
